Summary data of 7 turkey vulture specimens
Tagged in September, 2020.
======================================
Tag,Region,Species,Subspecies,Length,Weight,Wingspan,Tracking Type,Tracker
B11978,East,Cathartes aura,C. a. septentrionalis,25.8,69.9,66.9,GPS,AD81
B11980,Southeast,Cathartes aura,C. a. septentrionalis,26.7,70.5,67.9,GPS,BF04
B17867,Pacific,Cathartes aura,C. a. meridionalis,29.1,70.2,68.3,GPS,CD22
B25456,West,Cathartes aura,C. a. meridionalis,29.5,70.8,69.1,GPS,FF08
B45664,West,Cathartes aura,C. a. meridionalis,27.7,70.4,69.4,GPS,AR17
B45665,West,Cathartes aura,C. a. meridionalis,30.2,71.1,68.9,GPS,PC92
B45666,East,Cathartes aura,C. a. septentrionalis,26.3,69.7,67.2,GPS,AP20
B45667,East,Cathartes aura,C. a. septentrionalis,26.3,70.1,67.8,GPS,KC14
